<?xml version="1.0" encoding="UTF-8"?>
<beans xmlns="http://www.springframework.org/schema/beans"
	xmlns:xsi="http://www.w3.org/2001/XMLSchema-instance"
	xmlns:context="http://www.springframework.org/schema/context"
	xmlns:aop="http://www.springframework.org/schema/aop"
	xmlns:mybatis="http://mybatis.org/schema/mybatis-spring"
	xsi:schemaLocation="http://www.springframework.org/schema/beans https://www.springframework.org/schema/beans/spring-beans.xsd
		http://www.springframework.org/schema/context http://www.springframework.org/schema/context/spring-context.xsd
		http://www.springframework.org/schema/aop http://www.springframework.org/schema/aop/spring-aop-4.3.xsd
		http://mybatis.org/schema/mybatis-spring http://mybatis.org/schema/mybatis-spring.xsd">

	<!-- DataSource 가 필요해 -->
	<bean id="dataSource"
		class="org.springframework.jdbc.datasource.DriverManagerDataSource">
		<property name="driverClassName" value="com.mysql.cj.jdbc.Driver" />
		<property name="url"
			value="jdbc:mysql://localhost:3306/ssafy_board?serverTimezone=UTC" />
		<property name="username" value="ssafy" />
		<property name="password" value="ssafy" />
	</bean>

	<!-- 공장 세울 준비를 하자 -->
	<bean id="sqlSessionFactory"
		class="org.mybatis.spring.SqlSessionFactoryBean">
		<property name="dataSource" ref="dataSource" />
		<property name="mapperLocations"
			value="classpath:mappers/*.xml" />
		<property name="typeAliasesPackage"
			value="com.ssafy.board.model.dto" />
	</bean>

	<context:component-scan
		base-package="com.ssafy.board.model.service" />
	
	<mybatis:scan base-package="com.ssafy.board.model.dao"/>	
	
</beans>
